userID,screenName
3532804813,jCar89000
3920277023,dtrumptvfan
15195038,DavidAvritt
724050768106500096,HydroElections
5950272,Cary88888888
490179072,Scrufey21
3387188439,TrussElise
3299093231,tweetpoliticsUS
2414927882,WDYL2016
536037471,DonaldTrumpshow
1849938847,Trump4Hope
28818582,jamesnews242
128334973,CyberAnonymous
726797117583417345,goodbetterbuy
3376060913,GregJeffery888
717554036510068736,EndorsementsGOP
3271255423,TeamTrumpAZ
4493736743,klansmen4trump
4149697303,trumpednews
415175014,MiriamRoseMc
2927048097,openn_world
2976237925,berserk_news
4260493217,godwin_bot
718859375146708992,iPoliticallyGQ
706617905773944832,JohnFavere
722259394063376384,realDonnews24
703036137779036160,TiNaMaRiEred
3044768595,TBackers
50691835,misshome888
2535578876,pilipenko_veron
718308094829334528,ImDonnyMcDonald
533444481,MPrestrepo2334
21216192,songbirdcd
1700243311,news_worldnews
3243261234,Chhota_Bhim
2425268995,iVoteForBest
4870992551,Murlgirl1
4011800885,wrs1260
2962671712,POLSSacramento
2571323442,HillaryTapes
3242606876,grassrootscg
725920957320159232,Hillarynews77
737670729567633409,iTrumpClub
3959778976,perriganps
733729232531021824,TrumpOMG
733726339455295488,b_singh_india
733697436061978624,jpob55
733697135158394880,theblackrose161
733652704086622208,corruptedsouls1
2651635477,mimikvato35
733705435392446465,mariafersam
733656447867867137,BugCarp
733626142545063936,coisasdeestuda1
733647125905612800,yolandaferr1234
171283210,scrilluminati
733720605321760769,Rachel199578
733723646208933890,TahmeenamMomtaz
733720953834852352,reelecttrump20
735508453880266752,reagan_dr
735792128656216065,KNOXTUH
157969309,subhani_aatish
735513711239168000,Marysmi19884124
735194925843812352,iambcheg
735614216468455427,jasaseogembel
734389993997803520,thenewsglobal
734380279733866496,Tawhid6969
734309179410681857,renae1589
733712469135396865,IsajIraida
734361997840637952,sweetangelbria
734354141720547328,Rodogo236
2725748270,shubhapallavi90
733982484560543744,WortleyAndres
734272499169538048,DonaldTrumpFor4
735637690641571840,foreigngraphics
735569938241327104,Mexican_Chico99
735205327650443264,katenelsonadami
735113724617359363,realjasmynsims
735107907130363905,yasminhart10761
735114826209492992,maguseva67919
733747839214313472,Cuck427
735261961718370304,AlAlfabet354
2724910964,mrappw2
735705536037945351,beauter_marcus
735223725352714242,dorawedner
734230361668997120,dalton_latham1
735724646318776320,GlobalHerald4
735763402736291845,tuneriescollege
733690618673811458,ChargerBtb
735674174371332096,dw17_
733693045762318336,qatar_akhbar
735860292316463104,Tolamona
735211932039426048,naijamatas
158340796,SveetLady
735217982473920514,BairaBrahim7
735218198430109696,YngJRT
733710370569883648,ToysDirectory
733708835441934336,patdidodo1
733710431626395649,DonMoneyBuckets
735783441912889345,alyssia_burt
735782034702901251,DinaDin77122350
735817808697643012,starswift7
733633129567662080,Am_De_Republic
735528630646939648,commonmuslimg
733681827542667265,TheFartchain
733710759197331456,SahinKoca3
735580557854183424,eckerty1943
734008344936075264,Emanuel2000Y
734075117572108288,jaiLeAndria
734066806139277312,RockwellIsela
735204101869477888,mxnkxsoncknsql
734029356461359105,TaunyaFlood
734031329952714753,LuzCardot
734258233393586176,phs23116
734377898140938241,Hippie_vibes_01
734383031079841792,_cecerh
734247562350190592,charlottefarl1
734307445116424193,TukekHuseyin
734126562002374656,jeususstunt
167461604,xxMichaelSexton
734387121117614084,Muhonziresyl
733859474264469505,jrest44
733859580258701313,_hahahuhu
733960356721135616,Drakefights_
733902584507969536,IshdndjdiJh
733903066596966402,KariJaime1
734270982689423362,YUSEFt129
168785640,_TechSpy_
2651808515,keunna_03
168802505,ebraco1
734213765734924289,Miss_Shyamli
734108582241783808,yosmar747
734840703717670916,1999dodgeram352
734840521269645312,Iamdanialee
734998636036259840,loganjudith4
735034353156120577,robhope11
734884488035999745,pacohantos
734886151513739264,queendoesrite
734890478055886849,hayhayboo1212
733686250075521024,ramzimerzeg
734072531771138050,faizyktk
734954304830865408,CNNHollywood
734814020553834497,bridgybanta
734542899514355712,speakinggofkaay
734494141648916481,Periskopi1
734501331650514944,PeterandHeloise
734531835162660865,K_Nagendra_S
734534424507875328,stuffed_pancake
734893405931773952,DUMP_TRUMP__
734056927219441669,HobbySabe
733660666150719488,MorrisMuriuki7
731874510362808326,rmerar689
731785031304110081,viettickglobal
192368804,METALZ_210
731554134416097280,FishstickThePug
731578469356843009,margretiet
731523143702052864,_Thoreau_
733659192012247040,IamMarv2
731566903500496896,JMAsesor_Mx
731973672903315457,copaamericabra
734813113640488960,raqi_angela
733669140834082816,PhilipGwanga
734772591358058496,addmefast3161
735182964531691524,SKSMedia_Kiev
734705678183333888,Dan_IsMore
731814825685176320,ElenaorP
731846544677167104,Social_Ad_Pub
731716110572093440,DillonCPorterSd
731814370599018497,OFzWasdCjHxJE1w
735068285134372864,angelconors1993
735068647857786881,william64493529
149898142,mattkaneesq
736542748258488320,TamaraAboKhalil
736570326155399168,omaljkskanjdaz1
735081014599376897,k85610874
736394395491016704,JenniferMe60
735042005429047296,AugustineConall
2724790619,LlanosEddie
735878065448878082,EBWitchHunter
736431497603911680,EmigiZubairu
736449366479785984,toma16off
736456157254942721,E_Vizualz
735957236401442816,daltonsdogtag
735935427157360644,SjoerdRuigrok
735937489635037185,GirlyBrainiac
735942952250314752,PrivateFeelGood
736302351204683776,JackSandoval10
735487460151459841,Dreassing
735505520409223169,Andrew_Zach_
735301812551573504,cleopatrawalke4
735141215201562624,fuadoreggae
166622115,Bill_Keeling
735430015244861441,GarangMareng
734887465706790912,bombarredes3
2655058988,IbrahFatima
736253500779175936,drallgier
734887774738894848,ertty45g41
151248057,mphotosusa1
734229128182779904,JessusAnt972097
734216947064152064,mbarh311
734845559626977286,LucascolyD
734567347126718464,lytkinaemerita4
162944692,bleedsmapleleaf
734551910116696066,kohainerd
734633962740551681,outoftrumpsass
733680091901890560,EDWARDS49967690
734844894238388224,Nyere_is_lit
734847578387316736,BimboAlert
734833196894986242,Rexfalls
735023306605252608,CjKidd4
735037844889206784,TraciLab
734886972121026560,LetsBeRealNao
734755096517595136,TrumptyDumpty2
734747393741225984,rupp200
733686337254096896,yentlbekhof
736001766333009920,mary_slope
171331594,justinmanzer
736101125019992064,SharonG37950446
736113091008692224,RainaMunyard
733631224569200643,TerryThb50
734603613151039489,minimizemylife
734608189006741504,DonaldCastlebe1
733623085291741184,Anonymous000059
734556304082120704,holtamber1964
734557575316951040,antonio23willia
733681106302717956,pampampampam198
731865202946392064,Zentralafrika16
196213404,Uuuhhh117
731556155173031938,l_lexer
731552976972746752,Michelin00382
731573478575341568,trump_miller
731870938862518276,sgringelberg
731895668307021828,managing_tips
731565781729857536,hamza_anwr
731563082149969921,PolitwoopsPak
731566931313078272,blay_timelord
731596347841740800,bd_litigator
731889569189265408,phat__eye
734806861258629120,elena_bresele
2727191870,pqwdykmpm
734802610658631680,kellyrios19921
161248968,Poyhy
734770683499192320,RobbieSue3
734774544930574340,MzansiStory
734765977657839617,khonestindirect
734769021799825410,BossleyRick
734773223498342401,somero_k
734718330477502465,kooviv1
734721071547568128,fs0ciety_pkr
734729157226205184,lazaruzrain
734717342832152576,lisacollins5181
734699179356872704,deliciasanderl2
734760224184270848,EdBatchelor2
720031938,iholyavna1
4533304458,CalliopeBot
721968982081802240,minmedia_no
3227695336,hetefanuhyvo
3504788892,digitgaps
2941118558,wrefute
2889930466,ghamftcmqthd
4142593048,MaryHouchins
2964047827,TkgPoliticsUSA
720148170,onbelluro
3343775427,igonioguanan1
718508686948331520,crashley116
745236780308303872,RuthWil50302680
3428715675,fatbitchjess32
744954810990997504,blindinwatchers
1049135642,jyxedixuli
1049321670,catediqi
1675348830,Bani450
725200858300977152,mdmizan44
2922906784,NrnPender
731117011938332673,vocalunplugged
3235690768,dekydezuzuby
744961807014592516,DLluminator
4383805594,BerndetteHeft98
4797656427,Tracking_Point
746078041948852224,heather_lacie
736486758037082112,nEwS33004608
844817942,BruceMcDougal1
3298096074,BengkuluActual
742583199956643840,punch_sticky
3210496462,sanoliqujavi
1034349768,vymaxyzu
2823150412,140GeV
718715553339326464,ElectionApp
3215132427,janeveloso123
4447673593,Halo5new
1947340393,politicomammoth
501193082,ListiaTweets
3298807974,agerald2015
3469749734,EvilIsMyBitch
729040359637065730,IbukunTinuke
746082554718130176,RealJillJohnson
3178683625,zhiaesplana
2757591402,dr4ked
2303126130,ObiLawobi
2928121215,GreenwoodAve
734175866083782656,ppnnetworks
3183182952,rogegygiciwa
735994961003466753,carry_on_shield
718093636341080064,arabhi_
2896182171,cerealsmiamiam
633451400,orrhsharba
1033065480,qipimuwyjyw
744985603612213249,MakePipe
1037828467,qizocihary
744944067033829376,jonnygreenseedz
1038483757,todojowum
4255186580,JrldKilln1
372028801,RockPhenomenon
3315291006,fredgironjr
732194668931387392,lifestyles0321
4433652854,AOLMortgage
2565634192,JrLaynejr58
3178663213,anittina96
2348468882,aipoday
398724621,hcworldservice
150823519,nettechnews
2887193385,AngelBuenoBendi
2902960040,RASHAUNALRAFI
3525805756,jaylin_toribio
712387204480311296,AntiDonaldTrunp
4055139069,Lilian_Branham
730723681597558784,HillaryDonaldUS
717043364084908032,newsdangduters
721877585802739712,HelenHudson75
773970968075235328,warriorwithaF
3074513632,intotheleader
742675617234210816,irenemanning491
710879893584654336,ShariShariwtsn
4451492446,TopFresnoNow
625121580,ustamalray
721918047481671680,JohnHurley33
4707930733,hill_lee12
763547100269469697,mikagooddog
3277230715,ODistractus
4221052876,adsensdashboard
744701892941451265,realbudfather
128760201,pboshell123
749008861126860800,eljefehenry
1046232786,fedyjyvumex
745004995095977984,realmjanegreen
712367412826546176,TrumpChina_app
3177624007,chikoychivs
4530563172,DonaldTrumpUS4
1035539934,nycivofif
4240454532,potus_acct
4550631519,Dorothy17179817
1046208770,kamojebu
994236072,hibygereh
3187004281,titad972
630133485,lnum875lky
629773672,eoninspiex
1214286984,Jaunita_achg
4015307974,Reita226
1214267976,elbertotruje
3395182214,SKYSTHELlMlT
1214310979,asdadsaasde
713962407551451136,_The_Crusader_
1214293885,maggiecua
3668323041,NordicBaltMags
1214308945,Longacre_80994
744679867418021888,killa_nuggz
713974715166003200,worldnews0000
728011651383996417,czaalmedia
3420850097,MMANewsOrg
1649030808,angelervya
4866220593,nodeposituscasi
734465101382569984,celebgospfeed
749429571813044224,INWOODNY
4866218925,silveroakcasin
2801236378,lllqxvk1
61102620,RaceNY
705009598542061568,denisnk60
3329066670,SassySenSanders
3335043705,Classic_fm_gh
724699777812684800,mdahl666
2422374516,1604TV_Videos
1608175592,AraNewsRt
1547115487,lsalino2122
2973032363,thispered857
702509816875524101,newsvanila
2800312402,703PILL
4457637100,xenutiwurir
4472798259,jyzolygobagu
3886122254,Patrickhafner1
1282813663,lunalievrouw
4382639009,Frncisctey925
711978716331581441,ramiletyy
1584107965,evagelinealisa
3293977488,fuckflaco
1613536698,Jerky4firefight
1214299358,ximemonga
2809901188,AsianBBCRT
528723778,LmaooComedy
87948580,Marty_A_Angelo
2975124526,FpurfczPass
421434615,RealFunnydotnet
776353881483833344,BunchyBuzz
2834885681,WeedSpotlight
2872261115,Helpingmother
2864106887,CoffeeYouWanted
4498499193,buhupopabez
3290037651,deIicasy
4498366275,zazolekoneci
3027823463,NewzCrunch
2903058408,RitterQuinton64
4497432275,mojutavamer
4496980354,fepysegesamo
2903105131,QuirozJames78
3099748102,comicsfeel
727591765012848641,DCclone
4222277297,ROINewsNow
1404763700,_nanacorinne
3414156683,ShopAthvna
3283374962,Suemay2303
3407866817,AndrewGianino
3434210173,TerkiniLiputan
756434825909825536,misailivanov
4696331833,fesyputytofo
4650005657,BigleyElla
4724666723,BexleyCandice
709116922621657088,Joselitopoblano
756923101728935936,attwoodbailey
755851743326461952,konradzimin89
4649252367,BewleyTammy
756437275597279232,gektor_smirnov
4792877903,MeatyMeatyNews
756385096224108544,gizellaseliver3
4705724606,BigleyCarol
4697160510,pitepukywipi
777579270336024576,TimothyMauser
4577589252,rizajegubibu
727593313524666369,2ndAmendmentA
4889673207,1studentloans
1214281278,Reyesgomez_2
1214278321,Rulomirandaa
716098627282845696,eaglesmediaaus
748098526878404609,realsansa_stark
4226971570,nationaltalker2
1214284272,Frankitoxiu
1214286679,rogeliochancam
1214288034,Soniatuz
3188388978,zhei_maria
1214290435,Wolvernardo
1214285328,ricatun22
1214297077,Erikitabalam
610297947,Juanserioscol
3279277682,imoneyvibes
1214307817,elfabrieb
1214306713,Dantegomez0
1214302297,iranchuflores
2967018424,MarceUTR
2920894794,TranshumanParty
402443574,thebadowl
2835847473,leadpipelarry
3997416672,bluemild9
744610749650206720,OGKushiKush
4581386652,sendthruhq
4697936714,bonnie_godfrey
4420127357,lovezycikute
4576368804,hovuhitanat
4743266281,zaruwynydibi
4743475560,fyciwiriqow
4743483044,vuvikijoxih
929031470,cecy1ka
4697437309,vifenegucifu
1546225866,UnaIdeaCreativa
2162049151,qyzohuvepewe
4743918674,dylytosodope
4723257689,BoneJenna
4744350282,dovaveduluk
3744349762,screaminAsmith3
4742453340,japuhutoduda
4699678519,hyxywupinuc
4473034817,MeganGage3
1924094180,finetunedNYC
4773518657,ciluwylacece
4772896467,didezobemuz
4481096249,pyjetyloqem
4712366357,rezuweriboro
4711035521,refubovoqom
4846731981,DodonewsRgan
4269514094,JcksnFddn
4699401198,locacybaces
737420765755281408,misshacolliinss
2914359977,DinahDime27
3837410543,thefreddychrist
2883006195,NewsObs
4359261195,Marina27789
3884424195,smthavll
3884669187,cldimezn
3884672476,angirgnl
3884809216,vdnasrdr
3884322382,myrakloh
3884122534,fblapsd
2875778136,ForbiddenDrugs
3884166747,nriqrozz
742136613946286084,AshleyTompkinss
2872064387,retibew
742026969613635584,pythagorea03
739303604763295744,nicholedavari
3860500813,TauseefK67
4376473395,AntonioCiutto
4372415975,A233564dcZabr
3884121521,inslzard
2913403180,Turner_testing
738325793705709568,EverRetweet
2921665103,ShortessLexi
737292162518253569,king85000313
738195472167391232,ILoveJesus1776
4384498037,PeiCrthers277
706993895339663360,OurHiddenHistry
4838720359,DavidDwest450
3323377639,J_Harley_J
707040767638831104,DoctorPhilosopy
3313987452,FonsecaReza
707988049112621056,FaithfulMamas
742102013597618178,sim_eu_28
3312322053,Jameshairstyles
707756739597176832,baked_zombie
707639852360011776,FsalSalazar
3321231578,PatriciaWabuda5
3434107024,OKPARACHIMEZIE1
707821537097867264,hasan8317
3432238287,pambele63
4840371112,andremcaldwell
4840263075,StewardAimee
742122630363414528,CZCU24
2843109238,MotherLax
3226079734,lindagambini
2487001247,ShaplngActive
2436397851,BrunVeronique2
2436384261,meg0neunan
2424830604,claudiovrsaga
2436032202,Legendarygs
2486794581,e0kickboy65Nq
2487001522,Nuggy3922
2425886364,VoiceboxOFNaija
3226358399,AidaFt5j439
3226077550,LaddJodie
3207970632,pylolobarax
3208032044,zusucydozuru
3227724994,cuqugubefeh
3208036937,joe1992b
3221823563,DionysiusRae
3227510716,vimotuqariv
3206168197,xyfybaceniwy
2437207966,RaWwDance560
2436856774,theblasterchlef
3205459410,xyqizidygudu
3205333592,ruzugejofabi
3205759760,zexydibagapo
3206645796,wobugysysaq
3205987792,eltoncake
3255010136,blindspotreport
2384461068,fobtzii
3214641810,takebackyourden
3224771453,RescueserviceRs
3002606233,anglosajonas
2486087273,l3AmandaSimpso
3255757992,simonna5566
3209582653,tunigawatepo
3257116134,rMRonDillinger
3254377679,wilohoxegaku
3227361494,franksaczawa
2425453050,vofnmoldova
3224469546,imelian935
3223755684,BrittBachelor
3226026527,ada_foat
3227525530,qyrekyhumefu
3227070747,cekenowojyp
3226986167,zyqimygygixa
3226864606,nicyxatoxyj
2425480345,vofnsanmarino
2486680191,KlmberlleyXxx
2427810162,TrendsAguasCal
2431738877,gayle_campling
3221954992,AmeliaEastment
3222103063,tiwaripushkal
3238250994,spaladino_nl
3227175778,seganopaxub
3226708191,lumajepegygu
3002766373,leaftrout
2431480944,obeyyadimir29
3222656507,loadrywav
3222715046,utepminer01
2486660451,gtDividedSky42
2428313406,alfredo_rob18
3238168410,briannacguzz
3227265569,wyvowecegyga
3229060031,DionneImes
2412229690,BBeccson
3422853155,Dardodirecto
2959042208,ajmal7417
3425283095,ssahalessy1
3425197642,halseyviews
2959678221,JeffRiepl
3426888580,jrivera313
3426898763,essential_ken
3419161153,Brio27Che
2959131395,dineshreddyg7
3420644458,susan_naiser
3420113182,new96reb
3439466565,francosaid17
2955595822,cooksey_bolt
3439353892,Siemp_Fuerte
3425700597,urqueenalex23
3439644137,nikeair_phillip
3439294121,gordaDcanela
3439821867,mixatorfam
3440649627,Theo_Echeverri
3422916857,lizalaluli
3420254734,Moreno6Encarni
3424594451,timeofgist
3424363325,dibr4526
3424924569,damariscquin
2197963267,livinlykelarr10
2960208918,fernandonaliel1
2957649348,allisonbbeach
1955379721,horseface09
3432922365,USSansKittyCat
1976616217,jenniferlmoose
3432743387,danielsaavi
1378595738,bellareyeslaw
4132203618,conscientioush2
4110094397,KrisJoes_Blog
2908136273,Siegman_Fire
1375137474,MyPostADay
4118844553,DeepBIiss
4120489034,BurnedButter
1381709640,MichaelSh_Meyer
4102762453,ayzuka_48
4136622442,RickyD4545
4118586972,SealabCaleb
4106093835,casilcla
1368761508,awdyTX
4101887003,RosichHannah
4130708116,Announcify
4105324203,NewsAppeal
1365988602,bparikesit99
4201910279,alamata_sod
2901814180,NerdMist
4203979634,cryptovote
4202887632,HeroDiegoE
4141617136,Robcole52062485
4127895994,borahTaylor
4105550067,timothycope76
1362507769,jo3ymartin11
1363186267,jddaniel616
4123807367,JillMil68308451
4139845709,tangoravi
4140418239,HerveDagnet
4124807182,Phumzilekhanyi5
2549273563,JonPaulMontavlo
4146269842,wangqian1984
4149233415,Hockman17
4165589074,tardiscoffin
4166488485,darkwebface
4168316417,ColGrovePolls
4167079943,mtdempsey1
4168317493,brookecranee
1353835358,carriedaxton
4155123965,maryjoyventura5
4153915635,CutieNicole3
4155340713,Jasmine0155
4158493396,tonio_du1
1353852949,jamesba37
4154598875,MaribelTamayo4
1352727709,J_redeye366
4154930174,TradingTide
4142655503,eliconoclasta63
1361956044,bfmullen
4149460882,succhood
4145069549,lexifknclariss
4145079825,King_QueenC
4144890316,Dani_aaf
1347394585,briyith768
4163742268,Mobile8Gaming
4164543988,veedssnacks
4111815917,Spdincoptonlin2
4111959916,zaratefrancsisc
4115482047,Highhmxmi
1376790626,jxmitche2
4170067344,madhav_nemani
4168988368,savedspots
4164982991,PaoshLion
2550995540,allisonmor_ris
4170479054,CrackenTeddy
4171025007,Percent_Tweets
4172477772,joserojas188
4161693255,Intercept_feed
4161577037,TheHiveSays
1339444020,ShehryrKhan
1339135110,smbrown1791
2551175473,suttonurtht
4178115388,BuffPostsApp
4179494173,RevoTLiP
4191245590,realsparware99
4191237682,grieashamer
1333601137,kspin701
1332912722,kent_willard
4185103752,Johnsons3079
1330890769,se_sosa
4184011032,ArthursRealm1
4174236214,khoihanh
4183376247,creambm2
1327874180,caffeinlove_
4188551487,qasimali431
4189338808,JoliePomar
4189733172,Abdullahali72t
4190145737,bengal_tigers37
4189964291,GJHarry01
4189270528,libdaren
2871569023,LostNicky
2871568753,jillcifer
4581521834,halifaxci
4580876963,JohnMcg28398556
924070494,awijitsudan
4582961173,itzrxchell
4586476762,kohtingwen
2871534208,Ostar_usa
4584725775,ZombifiedSpider
4192795073,MaruMaru295
4193665647,VWichelenLucas
2902534621,Beatles2522
4194610625,politiseecom
4194983674,StevenParish4
4194612993,BahijaChaouki
4186299552,AgentAbacus
4186533513,BDanama2293
4187958095,Francis1933
4187566551,losscauseart
1319041718,DanielG36823537
1318853395,ij99x
4199156606,Prashob2110
4200891203,MTrapido
4216152079,HighFrequencyUS
4217587572,dra_231
4218357479,SrikanthThota94
2901508837,be5548a695244a7
4205986510,GoMdSiY
4195457544,FxNames
4195183522,shawwtymaz
4195288341,Ikramkhan155t
4196496673,GatesControl
1308869912,SHARK_FILMS
1319889086,Bangor971
4195856062,RTAllMinutes
4195521629,SmartromsCo
1320666186,2016olympic_rio
4212434787,LorenzoConti29
2902349278,connewsandhumor
4196343259,SoundVisionMX
4195431507,Emilly117957
4212720374,shankykm
4213983074,MsHeddaHopper
1305719448,HUSDHAmom
4181956519,ItsSimbaBitch
4218642735,Nicole4Moreau
2555174616,z0n31nd
4220014973,DylGMom
4207729392,brother_jay77
4209360553,edcba_0
4211342235,FunySelfiebrity
4211567473,c13170
4211741950,AlexisonlineAA
4238879892,erpremote
4225304898,tech_entreprenr
4224884721,RaulphLauren333
4224991152,tech_pioneers_
4222807749,CaptainPronin1
4222810421,EUneedsTrum
4237961541,hollandtina413
1273039602,trendinaliaAE
4240861273,AliHass2015
4237702653,cocosschanel
4239546532,FrasesApp_
4237355361,maniafy
1279335602,LINYFW
4229996307,WatchMojoIsHip
4230034437,MAHIGANINIT
4800875928,Tedcruzfanatic
707258516,IloiloJ
4799927382,crazyboyfriendT
701453582,SusJuul
4802684639,AisaRetirement
4808967203,chrisbrocker57
636477624,noel012345
4818449273,Owenarnr2005
2830923055,FoghogdogMike
4819838338,thugbuddha
605517698,BestOracio4
4864266435,DaveyTommy1
4865844315,GarVzlaAnonsG2
4864330059,Df_h80
4866231777,bloanstructure
2590597760,LinnRamacey
2824340586,AnonymvsDotNet
599891188,Merch4Humanity
4809143001,AnushaJose1
4871669899,stephan60103295
602040500,ruebenschnulle
601937230,StuckertMichael
2590839230,andrewmpolson
4870963288,carsc910sc
602258225,jmoser1975
4870579659,Vivi_SSB
4809273860,Romantic_Artist
2823796265,gnaKRywmhW
2590622735,sedelbrock42
4873725187,marileezavala
2823528312,vijaykumar613
4833626335,SwetzAndrea
618450586,buosnuggleszam
2587929679,MoveToBoulder
600509393,LDV1092
4871753019,HarleyQuinn122
4871001075,TeyBoiii
4836609460,diplomatico80
4838275359,foxnews02
2587663542,XunSun2
4839933526,JaniceBrown55
4804712968,picklechipsrock
4803261914,StupidLittleCu1
4839869969,RobinKerns25
4840143519,FloridaBlackCar
4801780370,LunatecNetworks
4839817161,RuthJohnson25
4826070250,ahsstiel
4842400966,TheGoodStew
4840681992,JosephtToobi
619351913,GheoHawkfmz
618684542,kpkwilcott18
4843625123,ALOCAVIADOO
619222929,vpccholstupid
619459788,vxxwarzyman
619486449,mtrmaryiangge
2583284431,brockmb45
4819004157,mamaburk24
2834632097,Rose_D_Theo
2834721564,madness_ends
4777320021,joseasundong
4821879537,lordlemonleg
4805518154,Tristen805
4777108350,AMERICAFORWARD1
718701626,RZombee
4783683215,juliovasquez037
4784640555,lisagrenhall
4787884647,ChidozieHen
4793143462,TechRupleInc
4870332849,ObbasFrancklin
713125800,FahdMumtaz
4789232176,Cris_Argoti
4794920196,Kryan232
4864879844,jpbaca288
2833198434,seyler_51
4794739249,themba120
4855193986,pink_magnoila
4855223045,pellegrino_jr
4819033433,johnnyj820
2826796735,tim2952
613798474,eilMagneset
613802952,cutedesignskkn
608483345,wcywykid123
4856812453,jadecyh
4857247234,c_nkr1
4855327150,chrie_martel
4858895314,emilyeburr3
2826479977,sjpeterson22
4858283939,_240k
714155636183797760,dkuschelmoney
714190698120089600,phobicq
714163418035527680,SirEpicII
714164217327300610,fckingwhitemale
714153033903398913,GC_Translation
714203659756670976,ityaboy_joey
714205148424380416,96_ben_ousmane
349063361,XavierRivera6
714207939599458307,squidney_02
714191434384084992,PrezDonaldTee
714212817709105152,StevenReturns
714216679333453824,blueghost_jpg
714219302635876352,MoNiToSolTErO
714189000513347589,InderyasI
714183437368688640,nAVrCSRMnzeB8MG
714183660614848513,ifuseekfelly
714230408926388224,vacantlay
714245577802842112,TheClassyMeme
714241814409191424,antiques2010
714260143416950785,t_borg126
714205469691105285,SeacretGahrden
346720696,michael__peres
714272709283356674,sonofabeecham1
714189189865021440,siddy808
716615106021294080,TesfaAlebachwe
714267980121640961,JadaBro246810
323987679,ReijndersP
2775272544,WedWetLogAdd222
716682566795825153,RigorCreativo
716724311084675076,GPinkSnapback
323763659,CICOldBoy
2614349510,5sauceperfectxx
716986973882347520,NewmanPatch
717037126592888833,DaBernNFLBoss
716869004443254786,8diirtyonee
717060787047677953,KennedyBodo
717092217584750594,HanoverSligh
717187227705548800,JohnLan48628126
717197596679397376,cindy570502
717272679171141632,rC9duavAcYCYTv1
716868832946753536,Aliyumy2
714213843266838529,BGalvosaite
714570679937400833,ssearchhistory
714217123372003328,lpotter61
714595983204569090,YohannesAmhara
714783949692612610,mbyirukirajames
714812340122869761,toastjobs
714826232282615808,radurgon
714615673138323456,icoopa0403
714899097044574209,Abe_Linc_
714901139918045184,JohnstoneStkyrd
716560156746711040,Chinemeremwizzy
338858352,SimranzeetVig
714960531904413696,kevinramospress
714173525066645505,erkenyetisenda
715062811253145600,lilsosacapone
339789355,RogCemp
714185298041643008,18Coolestguy
337009521,ozlifeadvice
714174000293928969,lala__00
714177101788815360,kayces61
713937061775060993,dianarey20451
713942363719077889,spillthetearats
713998161593962496,MoinKha81149265
2775690037,RowLitAhaAmp341
713977774873030656,TumblrJunkies
714067158674903041,mehtakirit12952
714036964832493568,PascoeKaty
714011167937531905,sakiba07
714013928376963072,rollincrock
347920917,wniabbr
714191578261159936,DylanLysek
714023726354997248,caitlin299811
714035152737996800,besttumblrweb
714065072440500224,FarhadANur1
714063691268886529,bszaloczi1
351140401,TueurDeTroll
714181998814756865,lorddaeb
714103751318106112,rhonnaherr
714182727549911040,racerchris14
714112841754673152,Stevenm28687518
2774978545,bad_fanfic
714137145116495872,ganiodun
716798718545174530,jonathanmcclai7
714230616372293634,NathanielEnfie1
714147525410689024,MarcosCcruz1
716993732592197632,Trillyoungb
2772499196,taghuntsville
2772580135,LipFedMatAnt563
716027854778155013,StingChibi
716067750729351168,djscottt12
714268433072857089,brianblake107
714178861441818624,Madgamer371
714197352492449792,yosman310
716459558647021568,breeeemarieeeee
714567596364800001,jc_13n
714564376200478720,netflixandbbw
716471698464370688,SvetaBauers
2772555140,KidEmuSagApe674
4822164340,SofiaConsola
4824067917,bonnasaiko
2830622930,KenndthEnsor
633602333,kaelalewis8
4825761074,sanantonionews2
4828279804,Alessan7681
4830848175,dljustinb
714219417157177344,ramonramirezlvl
714220663951769600,dr_liban22
2586394010,MEChannelLive
2586442772,AdameClouse
628642757,GZakrzewske
628526726,aliciabenoitjac
2829724338,samsaliba46
4833132418,nanner_06
716984709234827264,KumawatRuju
717321879837614081,TabinVrba
717350806132011008,RobenaKimberley
717398424484708352,PeritoRoseanna2
717350626330435584,york_jory
717460225440276481,Miss_mwenya
717544639721521153,Ronadivey
717619064005332992,condry75603024
2614288789,DPC321
717666247824039936,MarlinMason4
717713430044549120,JRhamxey
717720111990190080,NoorNoor111122
2769688912,xeellaax
318163936,JohnValentine4
717769854523019264,DailyRapPost
717780955323244544,PatKarchik1
717799927846277121,MirzaKishwar
717819649283362816,larson_colin
717832775106039808,CarlacannCano
717848787868377088,LeeLangella
717857077872304128,PachiPFG
317487309,mariafer_ruiz
715213574654803969,GalvezSissy
335917513,ebsencare
715262639459274752,jajajaj33018701
715319883504824320,pandapvp123isa1
715318213567848450,TyroneJamal_IV
714694430255685632,lisaashby7
715390897769164802,DavidBe63777433
715428528812990468,99berenicee
716751578527633409,News2056
333931205,rakeshpriyatham
715550277806370822,PolicyEye
715634865228681216,SinistraMiC
716797810998272001,DarleneHead20
332078597,opnspirit
715659671542108160,Louise__Burney
715644738167119872,Raycehudson42
715600875977326592,ErbeeHhoye
718379459674533888,tsarnaev15
718453771475542019,ClickBaitt
714275127467384832,Nominate_Marco
2614867094,_HunterXpress
714276686741659648,MSebastian9112
2773821320,Navyjones9
341496928,zda_95
714815919730466816,amritbh15745180
714874196455768065,vriska_male
340488302,T19J10W23
714873546472865792,Stillwaiting96
714820823366893568,sofia1_tm
341274196,GlassesCleaner
2773691198,TilPadFanAgo563
714866319758344192,1Chase730
714114115728486401,AboudouIbrahim5
714933276444483584,DeeCash06232387
714912820287180801,AdrianaRaia1
714946646606368768,ferjzarate
338927883,E__Komik
714979054575681536,aganfewa
715007192395550720,adrianisraelsa
337805916,WTrumanBot
715027156179529728,Best4Boro
714876891899932672,Mormons4Donald
715039451014107138,greatoaksnaps
715059091329191940,BennethBonnie
2773462020,askalu_mehari
336765598,MarkyMarcGarcia
2773381212,HidEmuEmsDot7
715126779879563264,PetitFutey
714258221616082944,LinnsGarden
713937300661469185,Garth_Pancake
713938134866792448,voltron559
713965102949531648,FuryKingg
713962866446114816,mataz_sakal
714080832789487616,fred28741184
